"","date","n_correos"
"1","20090119",3
"2","20090120",3
"3","20090121",1
"4","20090125",2
"5","20090127",2
"6","20090128",2
"7","20090202",1
"8","20090203",6
"9","20090204",3
"10","20090205",2
"11","20090209",10
"12","20090211",11
"13","20090212",7
"14","20090213",3
"15","20090214",2
"16","20090216",5
"17","20090217",7
"18","20090218",11
"19","20090219",2
"20","20090223",3
"21","20090224",7
"22","20090225",1
"23","20090228",1
"24","20090302",4
"25","20090303",3
"26","20090304",1
"27","20090306",7
"28","20090307",2
"29","20090308",4
"30","20090310",2
"31","20090311",6
"32","20090312",1
"33","20090313",2
"34","20090316",3
"35","20090317",1
"36","20090318",6
"37","20090319",9
"38","20090320",5
"39","20090321",1
"40","20090322",3
"41","20090323",3
"42","20090324",3
"43","20090325",4
"44","20090326",5
"45","20090327",2
"46","20090328",3
"47","20090329",6
"48","20090330",3
"49","20090331",4
"50","20090402",1
"51","20090403",1
"52","20090404",3
"53","20090405",4
"54","20090406",1
"55","20090407",3
"56","20090408",4
"57","20090414",1
"58","20090415",8
"59","20090416",8
"60","20090417",7
"61","20090418",19
"62","20090419",4
"63","20090420",2
"64","20090421",6
"65","20090422",22
"66","20090423",11
"67","20090424",1
"68","20090425",4
"69","20090426",6
"70","20090427",1
"71","20090428",3
"72","20090503",1
"73","20090505",2
"74","20090506",7
"75","20090507",5
"76","20090508",9
"77","20090512",1
"78","20090513",5
"79","20090514",4
"80","20090520",3
"81","20090521",2
"82","20090526",1
"83","20090601",3
"84","20090603",1
"85","20090604",2
"86","20090605",1
"87","20090607",3
"88","20090608",1
"89","20090611",1
"90","20090613",1
"91","20090617",2
"92","20090619",1
"93","20090620",1
"94","20090622",3
"95","20090623",2
"96","20090625",1
"97","20090628",2
"98","20090629",1
"99","20090701",5
"100","20090702",7
"101","20090703",1
"102","20090712",1
"103","20090714",2
"104","20090715",4
"105","20090716",5
"106","20090718",2
"107","20090719",1
"108","20090720",1
"109","20090727",1
"110","20090728",2
"111","20090729",8
"112","20090730",6
"113","20090802",4
"114","20090804",2
"115","20090805",2
"116","20090806",2
"117","20090807",1
"118","20090808",2
"119","20090826",5
"120","20090828",1
"121","20090901",1
"122","20090902",3
"123","20090903",6
"124","20090909",1
"125","20090910",11
"126","20090911",1
"127","20090915",2
"128","20090916",3
"129","20090917",3
"130","20090923",1
"131","20090929",2
"132","20091002",1
"133","20091003",1
"134","20091004",1
"135","20091005",4
"136","20091006",1
"137","20091007",1
"138","20091008",1
"139","20091009",1
"140","20091015",1
"141","20091018",1
"142","20091020",2
"143","20091021",7
"144","20091022",1
"145","20091023",2
"146","20091025",1
"147","20091026",2
"148","20091029",1
"149","20091103",1
"150","20091104",1
"151","20091108",1
"152","20091109",1
"153","20091110",1
"154","20091112",1
"155","20091114",1
"156","20091117",6
"157","20091118",7
"158","20091119",4
"159","20091120",24
"160","20091121",4
"161","20091122",9
"162","20091124",5
"163","20091125",2
"164","20091126",3
"165","20091127",1
"166","20091128",1
"167","20091129",5
"168","20091130",1
"169","20091201",4
"170","20091202",8
"171","20091203",5
"172","20091204",6
"173","20091205",4
"174","20091206",1
"175","20091207",4
"176","20091208",1
"177","20091209",1
"178","20091210",12
"179","20091211",8
"180","20091214",5
"181","20091215",5
"182","20091216",7
"183","20091217",3
"184","20091218",3
"185","20091219",3
"186","20091220",2
"187","20091221",2
"188","20091222",6
"189","20091224",7
"190","20091225",1
"191","20091228",1
"192","20091231",1
"193","20100101",2
"194","20100104",1
"195","20100106",1
"196","20100107",3
"197","20100108",1
"198","20100111",1
"199","20100112",4
"200","20100118",1
"201","20100119",10
"202","20100120",4
"203","20100121",11
"204","20100122",6
"205","20100124",1
"206","20100125",19
"207","20100126",13
"208","20100127",11
"209","20100128",13
"210","20100129",3
"211","20100130",8
"212","20100131",5
"213","20100201",16
"214","20100202",33
"215","20100203",22
"216","20100204",27
"217","20100205",17
"218","20100206",16
"219","20100208",3
"220","20100209",12
"221","20100210",13
"222","20100211",15
"223","20100212",7
"224","20100213",1
"225","20100215",13
"226","20100216",19
"227","20100217",27
"228","20100218",25
"229","20100219",14
"230","20100220",4
"231","20100221",11
"232","20100222",6
"233","20100223",8
"234","20100224",19
"235","20100225",12
"236","20100226",31
"237","20100227",4
"238","20100228",1
"239","20100301",14
"240","20100302",1
"241","20100303",10
"242","20100304",4
"243","20100305",4
"244","20100306",4
"245","20100307",2
"246","20100308",2
"247","20100309",4
"248","20100311",12
"249","20100312",4
"250","20100313",2
"251","20100314",1
"252","20100316",2
"253","20100317",9
"254","20100318",16
"255","20100319",3
"256","20100321",1
"257","20100323",11
"258","20100324",6
"259","20100325",15
"260","20100326",1
"261","20100328",1
"262","20100329",14
"263","20100330",6
"264","20100331",6
"265","20100401",2
"266","20100402",2
"267","20100403",2
"268","20100404",1
"269","20100406",10
"270","20100407",6
"271","20100408",2
"272","20100409",5
"273","20100410",3
"274","20100411",4
"275","20100412",11
"276","20100413",1
"277","20100414",9
"278","20100415",2
"279","20100417",1
"280","20100418",19
"281","20100419",5
"282","20100420",10
"283","20100421",7
"284","20100422",9
"285","20100423",13
"286","20100424",5
"287","20100425",1
"288","20100426",14
"289","20100427",4
"290","20100428",13
"291","20100429",4
"292","20100504",4
"293","20100505",5
"294","20100506",4
"295","20100507",1
"296","20100513",5
"297","20100514",4
"298","20100518",1
"299","20100519",4
"300","20100520",2
"301","20100522",1
"302","20100523",1
"303","20100524",1
"304","20100527",1
"305","20100528",3
"306","20100529",2
"307","20100531",1
"308","20100607",1
"309","20100608",8
"310","20100611",1
"311","20100617",3
"312","20100619",1
"313","20100621",2
"314","20100622",4
"315","20100623",2
"316","20100624",1
"317","20100625",8
"318","20100627",1
"319","20100628",1
"320","20100629",4
"321","20100630",7
"322","20100701",1
"323","20100702",2
"324","20100703",1
"325","20100705",1
"326","20100714",2
"327","20100715",4
"328","20100716",3
"329","20100718",1
"330","20100719",1
"331","20100721",3
"332","20100722",2
"333","20100725",3
"334","20100726",6
"335","20100727",8
"336","20100729",1
"337","20100730",2
"338","20100731",2
"339","20100801",1
"340","20100802",4
"341","20100803",2
"342","20100804",3
"343","20100805",4
"344","20100806",2
"345","20100809",1
"346","20100810",2
"347","20100811",4
"348","20100812",2
"349","20100813",1
"350","20100816",1
"351","20100817",12
"352","20100818",6
"353","20100819",4
"354","20100822",8
"355","20100823",3
"356","20100825",2
"357","20100826",6
"358","20100828",1
"359","20100829",2
"360","20100830",3
"361","20100831",5
"362","20100901",9
"363","20100902",9
"364","20100903",3
"365","20100904",1
"366","20100906",1
"367","20100907",3
"368","20100908",10
"369","20100909",12
"370","20100910",2
"371","20100911",10
"372","20100912",9
"373","20100914",3
"374","20100915",1
"375","20100916",8
"376","20100917",20
"377","20100918",3
"378","20100919",2
"379","20100920",3
"380","20100921",4
"381","20100922",8
"382","20100923",5
"383","20100924",3
"384","20100925",9
"385","20100926",14
"386","20100927",8
"387","20100928",15
"388","20100929",2
"389","20100930",2
"390","20101003",7
"391","20101004",9
"392","20101005",9
"393","20101006",17
"394","20101007",9
"395","20101008",10
"396","20101009",5
"397","20101010",3
"398","20101011",1
"399","20101012",17
"400","20101013",16
"401","20101014",1
"402","20101016",1
"403","20101018",3
"404","20101019",3
"405","20101020",6
"406","20101023",2
"407","20101024",5
"408","20101025",10
"409","20101026",4
"410","20101027",7
"411","20101028",7
"412","20101029",5
"413","20101030",5
"414","20101031",1
"415","20101101",4
"416","20101102",8
"417","20101103",3
"418","20101105",4
"419","20101107",1
"420","20101109",1
"421","20101110",5
"422","20101111",5
"423","20101112",2
"424","20101113",6
"425","20101114",2
"426","20101116",5
"427","20101117",4
"428","20101118",4
"429","20101119",2
"430","20101121",2
"431","20101122",1
"432","20101123",1
"433","20101124",2
"434","20101125",1
"435","20101126",4
"436","20101127",5
"437","20101128",2
"438","20101130",2
"439","20101201",1
"440","20101202",1
"441","20101203",2
"442","20101204",16
"443","20101205",2
"444","20101206",4
"445","20101207",1
"446","20101208",2
"447","20101209",2
"448","20101213",2
"449","20101214",9
"450","20101215",6
"451","20101216",4
"452","20101217",9
"453","20101218",8
"454","20101219",7
"455","20101220",9
"456","20101221",3
"457","20101222",6
"458","20101223",7
"459","20101224",1
"460","20101227",7
"461","20101228",1
"462","20101230",2
"463","20110102",8
"464","20110103",3
"465","20110104",4
"466","20110105",2
"467","20110106",2
"468","20110107",9
"469","20110108",2
"470","20110109",1
"471","20110111",7
"472","20110112",3
"473","20110113",1
"474","20110114",3
"475","20110117",2
"476","20110118",2
"477","20110120",11
"478","20110121",3
"479","20110123",12
"480","20110124",10
"481","20110125",8
"482","20110126",4
"483","20110127",4
"484","20110130",1
"485","20110131",7
"486","20110201",6
"487","20110202",3
"488","20110203",2
"489","20110205",1
"490","20110206",1
"491","20110207",9
"492","20110208",5
"493","20110209",2
"494","20110210",22
"495","20110211",15
"496","20110212",1
"497","20110213",2
"498","20110214",9
"499","20110215",19
"500","20110216",9
"501","20110217",5
"502","20110218",1
"503","20110219",5
"504","20110220",2
"505","20110221",1
"506","20110222",10
"507","20110223",18
"508","20110224",3
"509","20110225",9
"510","20110226",4
"511","20110227",1
"512","20110228",8
"513","20110301",11
"514","20110304",6
"515","20110306",13
"516","20110307",5
"517","20110308",11
"518","20110309",13
"519","20110310",4
"520","20110311",4
"521","20110312",6
"522","20110313",1
"523","20110314",4
"524","20110315",2
"525","20110316",15
"526","20110317",8
"527","20110318",7
"528","20110319",7
"529","20110320",1
"530","20110321",1
"531","20110322",3
"532","20110325",14
"533","20110328",8
"534","20110329",9
"535","20110330",5
"536","20110331",10
"537","20110401",8
"538","20110402",5
"539","20110403",1
"540","20110404",2
"541","20110405",1
"542","20110406",10
"543","20110407",7
"544","20110411",1
"545","20110413",1
"546","20110414",2
"547","20110418",1
"548","20110420",4
"549","20110421",8
"550","20110422",3
"551","20110423",2
"552","20110424",6
"553","20110426",1
"554","20110429",3
"555","20110430",3
"556","20110501",1
"557","20110502",1
"558","20110503",6
"559","20110505",4
"560","20110506",2
"561","20110507",1
"562","20110508",2
"563","20110509",1
"564","20110510",1
"565","20110511",2
"566","20110512",4
"567","20110513",3
"568","20110514",5
"569","20110515",1
"570","20110516",1
"571","20110518",4
"572","20110520",1
"573","20110521",4
"574","20110522",1
"575","20110523",1
"576","20110525",2
"577","20110527",1
"578","20110530",7
"579","20110531",3
"580","20110601",2
"581","20110602",2
"582","20110603",4
"583","20110604",2
"584","20110605",3
"585","20110607",1
"586","20110609",3
"587","20110610",2
"588","20110611",4
"589","20110613",2
"590","20110614",1
"591","20110616",5
"592","20110617",4
"593","20110618",2
"594","20110619",4
"595","20110620",3
"596","20110621",3
"597","20110622",6
"598","20110623",6
"599","20110624",3
"600","20110625",1
"601","20110628",1
"602","20110629",2
"603","20110630",1
"604","20110701",3
"605","20110705",3
"606","20110706",7
"607","20110707",2
"608","20110708",4
"609","20110709",3
"610","20110710",1
"611","20110711",2
"612","20110713",6
"613","20110715",2
"614","20110716",9
"615","20110717",1
"616","20110718",8
"617","20110719",7
"618","20110721",5
"619","20110722",3
"620","20110729",3
"621","20110730",2
"622","20110802",1
"623","20110804",1
"624","20110808",1
"625","20110809",2
"626","20110810",2
"627","20110817",2
"628","20110818",3
"629","20110819",3
"630","20110821",3
"631","20110822",6
"632","20110823",7
"633","20110824",3
"634","20110825",3
"635","20110826",7
"636","20110827",2
"637","20110829",3
"638","20110830",1
"639","20110902",1
"640","20110905",5
"641","20110906",3
"642","20110907",4
"643","20110908",9
"644","20110909",6
"645","20110910",1
"646","20110911",1
"647","20110912",2
"648","20110913",8
"649","20110914",9
"650","20110915",27
"651","20110916",4
"652","20110917",1
"653","20110918",6
"654","20110919",6
"655","20110920",3
"656","20110922",2
"657","20110923",1
"658","20110925",1
"659","20110926",5
"660","20110929",3
"661","20110930",1
"662","20111002",1
"663","20111003",2
"664","20111007",2
"665","20111013",7
"666","20111018",1
"667","20111019",3
"668","20111021",2
"669","20111022",2
"670","20111023",2
"671","20111024",9
"672","20111025",2
"673","20111031",3
"674","20111101",11
"675","20111102",11
"676","20111103",13
"677","20111105",1
"678","20111108",7
"679","20111109",6
"680","20111110",4
"681","20111111",2
"682","20111114",2
"683","20111117",9
"684","20111119",1
"685","20111120",4
"686","20111121",5
"687","20111122",2
"688","20111123",1
"689","20111124",2
"690","20111125",12
"691","20111126",3
"692","20111127",2
"693","20111129",5
"694","20111130",3
"695","20111201",1
"696","20111202",2
"697","20111203",5
"698","20111204",1
"699","20111205",8
"700","20111206",2
"701","20111207",1
"702","20111208",2
"703","20111209",3
"704","20111210",5
"705","20111211",3
"706","20111212",6
"707","20111213",5
"708","20111215",2
"709","20111217",6
"710","20111218",4
"711","20111219",9
"712","20111220",2
"713","20111221",1
"714","20111222",4
"715","20111224",3
"716","20111225",1
"717","20111226",1
"718","20111227",6
"719","20111228",2
"720","20111229",5
"721","20111230",4
"722","20111231",1
"723","20120103",4
"724","20120104",1
"725","20120105",9
"726","20120106",3
"727","20120107",1
"728","20120110",1
"729","20120111",9
"730","20120113",3
"731","20120114",5
"732","20120115",3
"733","20120116",1
"734","20120117",3
"735","20120118",3
"736","20120119",1
"737","20120120",3
"738","20120121",2
"739","20120122",1
"740","20120123",8
"741","20120124",21
"742","20120125",11
"743","20120126",9
"744","20120127",1
"745","20120128",3
"746","20120129",3
"747","20120131",25
"748","20120201",9
"749","20120202",11
"750","20120203",12
"751","20120204",5
"752","20120205",2
"753","20120206",7
"754","20120207",1
"755","20120208",2
"756","20120211",3
"757","20120212",3
"758","20120213",9
"759","20120214",1
"760","20120215",2
"761","20120216",16
"762","20120217",5
"763","20120220",8
"764","20120221",14
"765","20120222",6
"766","20120223",5
"767","20120224",1
"768","20120227",12
"769","20120228",1
"770","20120229",6
"771","20120301",2
"772","20120302",2
"773","20120304",2
"774","20120305",4
"775","20120306",4
"776","20120307",1
"777","20120308",1
"778","20120309",3
"779","20120310",8
"780","20120311",7
"781","20120312",7
"782","20120313",5
"783","20120314",1
"784","20120315",2
"785","20120316",6
"786","20120317",7
"787","20120318",2
"788","20120319",5
"789","20120320",5
"790","20120321",3
"791","20120322",11
"792","20120323",3
"793","20120324",1
"794","20120325",1
"795","20120326",8
"796","20120327",3
"797","20120328",5
"798","20120329",2
"799","20120330",2
"800","20120403",1
"801","20120404",2
"802","20120406",1
"803","20120408",3
"804","20120409",4
"805","20120410",6
"806","20120411",5
"807","20120412",6
"808","20120413",9
"809","20120414",2
"810","20120415",4
"811","20120416",7
"812","20120417",14
"813","20120418",14
"814","20120419",5
"815","20120420",2
"816","20120421",1
"817","20120423",3
"818","20120424",1
"819","20120425",9
"820","20120426",3
"821","20120428",2
"822","20120429",8
"823","20120430",15
"824","20120501",6
"825","20120502",5
"826","20120503",11
"827","20120504",5
"828","20120505",8
"829","20120506",6
"830","20120507",4
"831","20120508",6
"832","20120509",9
"833","20120510",7
"834","20120511",4
"835","20120512",3
"836","20120513",9
"837","20120514",5
"838","20120515",5
"839","20120516",5
"840","20120517",10
"841","20120518",9
"842","20120519",3
"843","20120520",4
"844","20120521",1
"845","20120522",9
"846","20120524",8
"847","20120526",7
"848","20120527",3
"849","20120528",6
"850","20120529",13
"851","20120530",6
"852","20120531",4
"853","20120602",2
"854","20120605",2
"855","20120606",2
"856","20120607",2
"857","20120608",1
"858","20120609",2
"859","20120610",1
"860","20120612",7
"861","20120618",1
"862","20120621",2
"863","20120622",1
"864","20120625",2
"865","20120626",8
"866","20120627",3
"867","20120628",3
"868","20120629",10
"869","20120630",2
"870","20120701",1
"871","20120702",6
"872","20120703",12
"873","20120704",2
"874","20120705",12
"875","20120706",4
"876","20120707",8
"877","20120708",2
"878","20120709",8
"879","20120710",11
"880","20120711",5
"881","20120712",16
"882","20120713",9
"883","20120714",7
"884","20120716",16
"885","20120717",7
"886","20120718",5
"887","20120719",8
"888","20120722",9
"889","20120723",5
"890","20120724",11
"891","20120725",7
"892","20120726",3
"893","20120727",7
"894","20120728",1
"895","20120729",1
"896","20120730",6
"897","20120731",4
"898","20120801",5
"899","20120802",2
"900","20120803",4
"901","20120804",2
"902","20120805",5
"903","20120806",1
"904","20120807",2
"905","20120808",8
"906","20120809",2
"907","20120810",5
"908","20120811",10
"909","20120812",2
"910","20120813",7
"911","20120814",2
"912","20120815",3
"913","20120816",18
"914","20120817",2
"915","20120819",1
"916","20120820",1
"917","20120823",4
"918","20120826",2
"919","20120828",1
"920","20120829",1
"921","20120830",3
"922","20120831",1
"923","20120901",1
"924","20120903",7
"925","20120904",4
"926","20120905",7
"927","20120906",13
"928","20120907",5
"929","20120908",5
"930","20120909",16
"931","20120910",8
"932","20120911",9
"933","20120912",5
"934","20120913",3
"935","20120914",2
"936","20120916",4
"937","20120917",11
"938","20120918",14
"939","20120919",9
"940","20120920",13
"941","20120921",1
"942","20120922",4
"943","20120923",4
"944","20120924",8
"945","20120925",1
"946","20120926",4
"947","20120927",8
"948","20120928",5
"949","20120929",7
"950","20120930",6
"951","20121001",5
"952","20121002",12
"953","20121003",12
"954","20121004",5
"955","20121005",4
"956","20121006",1
"957","20121007",5
"958","20121008",2
"959","20121009",6
"960","20121010",12
"961","20121011",3
"962","20121012",11
"963","20121013",1
"964","20121015",6
"965","20121016",11
"966","20121017",1
"967","20121018",2
"968","20121019",4
"969","20121020",3
"970","20121022",2
"971","20121023",7
"972","20121024",4
"973","20121025",12
"974","20121026",5
"975","20121027",1
"976","20121030",9
"977","20121031",6
"978","20121101",10
"979","20121102",3
"980","20121103",4
"981","20121104",7
"982","20121105",4
"983","20121106",5
"984","20121107",6
"985","20121108",5
"986","20121109",10
"987","20121110",3
"988","20121111",2
"989","20121112",21
"990","20121113",1
"991","20121114",4
"992","20121115",7
"993","20121116",5
"994","20121117",1
"995","20121119",1
"996","20121121",11
"997","20121123",1
"998","20121128",2
"999","20121129",1
"1000","20121203",17
"1001","20121204",6
"1002","20121205",1
"1003","20121206",10
"1004","20121207",5
"1005","20121208",1
"1006","20121210",2
"1007","20121211",4
"1008","20121212",10
"1009","20121213",3
"1010","20121214",3
"1011","20121218",3
"1012","20121219",6
"1013","20121220",1
"1014","20121226",4
"1015","20121229",1
"1016","20130115",4
"1017","20130116",5
"1018","20130121",2
"1019","20130123",1
"1020","20130124",3
"1021","20130125",8
"1022","20130129",6
"1023","20130130",3
"1024","20130131",2
"1025","20130201",8
"1026","20130202",5
"1027","20130203",2
"1028","20130204",6
"1029","20130205",2
"1030","20130206",8
"1031","20130207",9
"1032","20130208",10
"1033","20130209",1
"1034","20130210",6
"1035","20130211",4
"1036","20130213",5
"1037","20130214",2
"1038","20130215",6
"1039","20130216",3
"1040","20130217",3
"1041","20130218",11
"1042","20130219",8
"1043","20130221",10
"1044","20130222",14
"1045","20130223",1
"1046","20130224",11
"1047","20130225",5
"1048","20130226",10
"1049","20130227",14
"1050","20130228",8
"1051","20130301",8
"1052","20130302",3
"1053","20130303",5
"1054","20130304",16
"1055","20130305",5
"1056","20130306",7
"1057","20130307",5
"1058","20130308",3
"1059","20130309",5
"1060","20130310",4
"1061","20130311",20
"1062","20130312",9
"1063","20130313",23
"1064","20130314",1
"1065","20130316",2
"1066","20130317",3
"1067","20130318",8
"1068","20130319",4
"1069","20130320",11
"1070","20130321",7
"1071","20130322",3
"1072","20130323",1
"1073","20130325",1
"1074","20130326",2
"1075","20130327",8
"1076","20130328",1
"1077","20130329",3
"1078","20130401",6
"1079","20130402",1
"1080","20130403",2
"1081","20130404",1
"1082","20130405",2
"1083","20130408",3
"1084","20130409",5
"1085","20130410",1
"1086","20130411",2
"1087","20130412",6
"1088","20130413",6
"1089","20130414",2
"1090","20130415",2
"1091","20130416",4
"1092","20130417",1
"1093","20130418",2
"1094","20130419",2
"1095","20130420",3
"1096","20130421",6
"1097","20130422",3
"1098","20130423",2
"1099","20130424",9
"1100","20130425",17
"1101","20130426",3
"1102","20130427",2
"1103","20130428",2
"1104","20130429",5
"1105","20130430",4
"1106","20130501",1
"1107","20130502",5
"1108","20130505",1
"1109","20130506",7
"1110","20130509",4
"1111","20130510",11
"1112","20130511",4
"1113","20130513",2
"1114","20130514",3
"1115","20130515",2
"1116","20130516",4
"1117","20130520",3
"1118","20130521",3
"1119","20130522",11
"1120","20130523",4
"1121","20130524",4
"1122","20130525",6
"1123","20130526",5
"1124","20130527",24
"1125","20130528",2
"1126","20130529",2
"1127","20130530",6
"1128","20130531",2
"1129","20130601",2
"1130","20130602",1
"1131","20130603",1
"1132","20130604",8
"1133","20130605",7
"1134","20130606",4
"1135","20130607",10
"1136","20130608",15
"1137","20130609",16
"1138","20130610",1
"1139","20130611",16
"1140","20130612",11
"1141","20130613",16
"1142","20130614",2
"1143","20130615",3
"1144","20130616",9
"1145","20130617",12
"1146","20130618",2
"1147","20130619",18
"1148","20130620",8
"1149","20130621",3
"1150","20130623",3
"1151","20130624",4
"1152","20130625",1
"1153","20130626",10
"1154","20130627",20
"1155","20130628",24
"1156","20130629",2
"1157","20130701",1
"1158","20130702",12
"1159","20130703",14
"1160","20130704",1
"1161","20130705",9
"1162","20130706",4
"1163","20130707",1
"1164","20130708",11
"1165","20130709",2
